Name,Rating,Date,Review
Anthonius Aditya,2/5,2 hari lalu di,"Sebenarnya lokasi hotel enak karena terletak cukup tengah kota dan banyak fasilitas seperti superindo dll, juga secara service, staff sangat friendly dan ramah serta cukup responsif. â€¦"
Meitha kartika sari,5/5,2 hari lalu di,"Hotel nya nyaman , dapat harga murah sudah termasuk sarapan. Lokasi di tengah kota. Kamar nya gak seberapa besar tapi cukup nyaman menginap disini. Tersedia kolam renang juga."
dwi r,5/5,sebulan lalu di,"Menginap disana saat puasa Ramadhan..jalan depan sempat ditutup karena keramaian di Masjid Jogokariyan (menurut info dibuka kembali jam 19.00), tapi ada petugas, tetap bisa masuk juga bagi yg menginap, sangat menyenangkan, ini juga alasan â€¦"
Tanvie Dinutami Dewi,2/5,sebulan lalu di,"Hari ini saya bukber di sini, untuk segi makanan si ga ada soal, yaa standar hotel lah ya, ga yg enak banget tpi gak yg gak enak juga â€¦"
Suri Tan,3/5,3 minggu lalu di,"Lokasi ok, tapi untuk kamar kurang bersih sprei ada bercak2 lalu handuk kotor, nah pas pertama masuk hordeng jatuh lepas, kamar ukurannya terlalu sempit, untungnya air untuk mandi betul2 panas"
Diansyah Andri Haris,5/5,20 jam lalu di,"Lokasi strategis,pelayanan ok,nyaman lah nginep  disini,staffnya ramah semua
Next bakal balik lgi nginep disini"
Husni Tamrin,1/5,sebulan lalu di,"Lokasinya sebenarnya cukup strategis di tengah kota, namun ada faktor keselamatan yang masih kurang diperhatikan manajemen. Apalagi saat tamu lebih banyak dari biasa, sampai selasar pun dipakai untuk meja dan kursi seperti ini, penutup â€¦"
Fitra Budi Witanto,3/5,3 minggu lalu di,"Dari segi pelayanan cukup bagus, untuk ruangan, sedikit sempit... Kamar mandi kecil sekali... Untuk saralan ( maaf ) knp menunya serba asin dan over micin.... Yg lain, cukup bagus pelayanannya... Thx..."
Meita W,5/5,3 bulan lalu di,"Hotel budget yang ruangan Di dalamnya cukup nyaman, fasilitas lengkap para staff juga ramah, cukup mudah akses ke tugu atau Malioboro hanya sekitar 15rb dengan gojek. Access WiFi sangat mudah dan aman untuk meeting dengan zoom online. â€¦"
Ardhyan M,5/5,sebulan lalu di,"Sudah bagus dan memuaskan, seru bersahabat bagi keluarga.|Menyenangkan dan kamarnya juga cukup enak dan nyaman. Dekat dengan masjid jogokarian jadi beribadah juga terjamin. Semoga bisa dipertahankan fasilitas dan kenyamanan hotel ini"
Nindi K,5/5,3 minggu lalu di,"Hotel nya bagus, staff dan pelayanan nya ramah, sarapan nya enak, dapet view kolam renang yang bagus cocok untuk liburan keluarga dan teman /pasangan. Untuk akses wisata kuliner banyak di area sekitar prawirotaman, dan untuk akses wisata tidak terlalu jauh dan banyak tujuan yang bisa di akses, Lynn hotel terbaikkkk"
Annisa S,5/5,sebulan lalu di,"Hotelnya nyaman, dekat pusat kota. Nyari makanan pun dekat. Pelayanannya ramah banget.  Terus mau kemanaÂ² aksesnya gampang. Deket masjid jogokariyan, jd pas ramadhan enak banget mau beli jajajan tinggal keluar hotel aja. Harganya lumayan terjangkaulah. Recommended bangett! ğŸ¤ â€¦"
ria,5/5,3 bulan lalu di,"pernah kesini pas goes to campus kemarinn, kamarnya rapih enak nyaman! point plus nya disini adalah karyawan nya ramah"" bangettt!!! dan juga breakfast nya apalagi nasi gorengnya enakkk bangetttt! super recommended bangett, pintu nya juga â€¦"
Alif N,5/5,3 minggu lalu di,ini salah satu hotel bintang tiga rekomended buat buat wisatawan yang datang ke jogja karena tempat tempat wisata yang ada di jogja tidak jauh dari lyyn hotel. kamar dan makan pagi yang tidak terlalu mahal.disini juga kebersihan setiap tempatnya sangat terjaga
Rivana Marinda P,4/5,sebulan lalu di,kemaren kesini buat bukber. makanannya variannya dikit. lumayan enak. tp servicenya kurang. padahal udah jauh jauh hari reservasi pesen di outdor malah dikasi di indoor deket pintu yang rame orang lalu lalang. trus gada permintaan maaf juga lagi
Siti I,5/5,3 minggu lalu di,"menurut saya ini hotel yang wort it dengan fasilitas dan harga nya, pelayanan yang sangat ramah,kamar yang bersih, fasilitas berfungsi dengan baik,dan sangat menikmati kolam renang nya, tidak sia sia liburan di jogja dan menginap di Lynn hotel by horison"
Itsnani Baiq,5/5,4 hari lalu di,"Menu : mendoan, tahu isi dan capjay enak sekali.
Kamar hotel rapi bersih"
Nadiva C,5/5,3 minggu lalu di,staff resepsion sangatt ramah ramahh dan humble pelayanan cepat |untuk kamar sangatt bersih nyaman dan fungsional fasilitas sangat melengkapiii untuk kamar mandi bersih dan amenities mencukupi|untuk makanan di resto enakk dan bervariasi â€¦
Danuri Utami,5/5,3 bulan lalu di,"Hotel yang cukup nyaman untuk liburan keluarga, fasilitas lengkap, ada kolam renang walaupun tidak nyobain berenang.
Lokasi cukup strategis, tidak terlalu jauh dari alun-alun kidul.
Depan hotel ada penjual makanan jika tidak mendapat sarapan bisa cari depan hotel."
Mutiara n,5/5,sebulan lalu di,"saya pesan deluxe room kamarnya bersih nyaman oke, ac dingin , ada hair dryer nya, wangi kamar nya enak, pesen paket bukber nya murah banget dengan menu yang banyak dan variatif, kolam renang nya juga bersih, receptions nya ramah murah senyum"
Iazn,4/5,2 bulan lalu di,"Kamarnya standar,cuma gaada keset jadi kamar mandi pada becek,dan enaknya deket sama superindo,kopi kenangan jadi bisa jalan kaki kalo mau belanja,gaada kejadian aneh,udh disiapin sabun,kresek,sabun,shampoo,lift 2 , gede banget hotelnya,tangganya luas,viewnya bagus"
Watulintang Media,5/5,2 bulan lalu di,Makanan enak. kamar standar lah  bintang 3 cukup bagus view jendela juga ada. pegawai sangat ramah senyum..cuma kalau barengan anak sekolah pd liburan nginep pada usil pencetin bell
the rain,5/5,sebulan lalu di,"Alhamdulillah... Bisa nginep disini lagi. Kali ini nginep bareng BESTie & bocil2. Aku pesen via Wigipedia pusat Reservasi Hotel Jogja. Ramah2, kamar bersih, dapat surprise Cake karena spesial moment kmrn ultah. Menu sarapan direstonya enak2 dan banyak varian. Recommended..."
Naura D,5/5,3 minggu lalu di,"kanar nya bersih, fasilitas nya lengkap, staff ramah dan membantu, pool nya besar dan bersih, akses nya mudah untuk di jangkau, dekat dengan tempat wisata, dekat dengan wisata kuliner, dekat dengan alkid lingkungan nya enak buat liburan bareng keluarga"
Ani Fathudin,5/5,4 hari lalu di,"Saya menghadiri acara Halbil PKS Kota Jogja. meeting room nyaman, makanan juga enak"
Wuzz Trans,5/5,3 minggu lalu di,"Yang pengen berkunjung ke Masjid Jogokariyan hotel ini bisa jadi alternatif kalo sekitar masjid udah full .. no komplain so far,staff ramah dan sangat membantu .."
Ardhya F,5/5,sebulan lalu di,"untuk penginapan nya sudah cukup bagus dan fasilitas semua lengkap, dan juga nyaman .. tempat sangat strategis dekat dengan masjid dan juga minimarket.. sangat rekomendasi sekali untuk penginapan hotel Lynn jogjakarta.|...... mantapp"
Siti Maryam N,5/5,3 bulan lalu di,"Kami kesini pas liburan smtr 1 kemarin, kami menginap selama dua hari, pd tanggal 30 Des 2023 sd 01 Jan 2024, benerÂ² rekomended, kamarnya nyaman, breakfast nya enyakÂ² dan byk pilihannya, di malam thn baru hanya diem di kamar saja melihat â€¦"
Nadiya Sasmita,5/5,5 bulan lalu di,Kamar nyaman tapi agak creepy karna pintu kamar mandinya kaca. Dari luar bayangannya bisa keliatan coy. Mungkin bagi orang lain gpp tapi saya pribadi merasa kurang nyaman. â€¦
mey mey hokya,5/5,2 bulan lalu di,"Good service...ramah semua pegawainya.
Lokasinya jg strategis.
Ada beberapa meeting room yang nyaman.
Swimming pool yg bagus & bersih."
E Anna,4/5,sebulan lalu di,"Kamar bagus hanya saja kmr mandi sempit, pelayanannya bagus, dekat superindo, mau kmn2 jg dekat"
Imas Nur Astuti,5/5,4 bulan lalu di,"Pengalaman saya ngadain wedding di horison lyn, bener bener pelayanan yang sangat bagus, dengan harga yang oke. Saya dibantu dengan ka mavin, beliau sangat ramah dan baik, fleksibel juga. Selama proses persiapan sampai dengan selesai acara â€¦"
fajar heksono,4/5,4 bulan lalu di,"Lynn hotel bintang 3 by horison. Layanan hotel sangat bagus. Parkiran terbatas, ada tambahan parkir di seberang hotel. Makanan standar bintang 3. Kolam renang relatif kecil. Kamar bersih tapi sdh kelihatan tua. Kamar mandi sempit, remang2, â€¦"
adilla prastiwi,2/5,sebulan lalu di,menu bukber nya kurang menarik dgn harga segitu dan b aja gada yg enak menu nya say sorry masi banyak yg enak dgn harga yg lebih murah
Ginanjar Nur P,5/5,3 bulan lalu di,"Salah satu hotel di jogja
Hotel berbintang lah
Cukup lah rekomended buat menginap anak anak study tour â€¦"
Gata Bilkevin,5/5,sebulan lalu di,"semua karyawan ramah, pelayanan bagus,kamar bersih modern minimalis, harga terjangkau. lokasi strategis"
Ell Gia,1/5,4 bulan lalu di,Mau kesini ngungsi gr2 mati lampu. Di agoda ditulis check-in 24 jam..langsung gas kesana jauh2 dari bantul bawa anak balita. Sampai sana ktnya check in jam 2 krn room penuh. Harusnya klo klaik check-in bs 24 disediain dong kamar yg kosong bs check-in Kapan aja. Kita terkatung2 . Ga lagi2 deh 600rb hangus
Andri Susanto Yos,2/5,4 bulan lalu di,"Menginap 3 Malam dengan 2 kamar membuat Saya berfikir kembali tuk kembali, selain harga yg tiba2 tinggi karena peak season, Ada Geng motor RX king tiap pagi Geber motor depan hotel, juga toilet dan shower room tidak Bersih dan berlumut"
Daine Ayu,5/5,3 minggu lalu di,Hotelnya bagus..ramah dikantong..kamar bersih kamar mandi bersih..nyaman bgt..pelayanan jg ramah2..
Diajeng Hastie,5/5,5 bulan lalu di,Waktu setahun yang lalu saya kesini untuk menghadiri kerabat yang melaksanakan resepsi pernikahan.... Lumayanlah tempatnya mudah terjangkau ya.... Meskipun di perkotaan namun suasana di dalam hotel nampak tenang
alecta studio,1/5,5 hari lalu di,"agak kecewa, pas ditelfon blg ready pas minta wa adminya tb tb blg full ğŸ‘½ â€¦"
Syesaria Ap,3/5,4 bulan lalu di,"Terlalu bising tidak kedap suara, ac tidak dingin sama sekali, kamar mandi pintunya transparan serem , tapi oke lah"
deira deira,5/5,6 bulan lalu di,"Ke sini utk berenang. Kolam bersih tapi ngga terlalu lebar. Harga 35rb dapet free handuk. Tempat bilasnya cuma 1. Kolam sepi, jadi nyaman buat berenang di situ. So far so good sih, sesuai dengan harga ğŸ™ â€¦"
Muhammad Irzaki,3/5,4 bulan lalu di,"Hotelnya lumayan bagus walaupun sepadan dengan bintangnya. Tetapi, View dari kamar kurang menarik."
Danuri Utami,5/5,3 bulan lalu di,"Hotelnya cukup bersih, fasilitas Ok, ada kolam renang. Lokasi cukup strategis."
NyamBooPil Wahyudi,5/5,6 bulan lalu di,"Kamar nya nyaman, bagus dan tenang, pelayanan juga sangat baik, untuk makanan juga enak sekali, krn banyak pilihan varian dan rasa jg oke...
Kolam renang sangat safety untuk anakÂ², ruang ganti juga bersih... â€¦"
Ashan He,5/5,6 bulan lalu di,"Kamarnya nyaman. Amenitis lengkap. Airnya lancar, bisa switch dingin sama hangat. Lokasi mudah dijangkau. â€¦"
Lovin Mardanis,5/5,5 bulan lalu di,"hotelnya sangat nyaman, fasilitas kamar baguss, pelayanan sangat sangat oke, makanannya enakk, hotelnya sangat teratur dan rapi. thank you for the good service Lynn Hotel !!"
Retha Amelia,5/5,4 bulan lalu di,"seru banget minep disini bareng temen temen study tour, kawasan nya juga deket Malioboro jadi ga terlalu jauh buat nongkrong di Malioboro.. staf di hotel nya juga baik, ramah, aduhh pokoknya baguss deh."
Zulfy Alamsyah,5/5,4 bulan lalu di,"Keren utk bawa rombongan, ga kecewa..kamar dan sarapan nya super Good....."
STEVANI AGVIA,3/5,9 bulan lalu di,"Overall hotel ini bagus untuk sekelas bintang 3. Meskipun terbilang hotel lawas, fasilitasnya terawat. Kamar cukup luas, AC sejuk, kamar mandi bersih, air panas di shower & wastafel berfungsi dengan baik, handuk putih bersih & wangi, â€¦"
Muhammad Akmal,5/5,6 bulan lalu di,"Berada di daerah Jogokariyan, hotel tidak terlalu besar tapi keatas. Ada kolam renang, lobi dll. Lumayan bagus untuk liburan karena dipinggir jalan. Untuk makanannya juga lumayanlah."
Riski Silarini,5/5,3 bulan lalu di,"Tempatnya nyaman banget, karyawannya juga ramah2.. Tempatnya bersih...
Tempatnya stratesgis, ke malioboro cuma 10 menit.."
Akiak Aja,5/5,7 bulan lalu di,"Hotel yang cukup bersih dan besar ini terletak di lokasi yang cukup strategis kemana mana, letak nya mudah ditemukan, pelayanan di front office sangat ramah dan cepat. Akses ke kamar mudah, untuk kamar cukup standar besar dengan ranjang yg â€¦"
Liza Wijaya,5/5,2 bulan lalu di,"Lokasi sangat dekat dengan masjid Jogokaryan. Kamarnya nyaman, sayang ruang penyimpanannya sedikit"
TCKN sosmed,5/5,11 bulan lalu di,"Kamarnya luas, bf nya enakk banyak variannya, dikasi kamar yg superior enak bgt pagi"" view area kolam, waktu saya minta pinjam hairdryer langsung dikasih dgn cepat, receptionist nya ramah bgt sukak sm mba"" yg rambut pendekğŸ¥º cantik, murah â€¦"
Anis Isnaini Nur Isyatir,4/5,5 bulan lalu di,"kamarnya sempit, tapi masih ada space untuk sholat.
pintu kamar rusak ya, ada lubangnya."
naely saadah,5/5,setahun lalu di,"Datang kesini untuk auce iftar hari selasa.
Lokasi hotelnya mudah dijangkau, ada di dekat pertigaan besar maauk ke daerah jogokaryan, belakang pom bensin jogokaryan. â€¦"
Susilawati,5/5,6 bulan lalu di,"Kamar bersih, nyaman. Pelayanan ramah. Makanan enak, agak sedikit asin sih...tp masih enak buat kami penyuka makanan gurih... â€¦"
Bachtiar Donny,4/5,7 bulan lalu di,Hotel Bintang 3 tapi secara harga juga tidal murah. Lokasi dekat dengan Malioboro dan pusat perbelanjaan. Ruangan Rapi dan bersih standard hotel. Yang patut diacungin Jempol adalah karyawannya yang ramah dan akan selalu siap membantu anda.
Dita Grease Yuliana,5/5,setahun lalu di,"Anak ku suka sekali dengan pool nya. Ada pool anak, dan ada pool dewasa kedalaman skitar 1,5m. Room nya masuk kategori bersih, bed empuk, wastafel lancar mengalir, hot cool shower n wastafel nya baik, tersedia dispenser sabun dan sampo isi â€¦"
Andi Rustandi,4/5,5 bulan lalu di,"Tempat nyaman dan strategis dekat masjid Jogokariyan, menu sarapan enak di lidah"
Herawati Amin,5/5,5 bulan lalu di,"Kamar hotel bersih, sarapan banyak variasi. Namun hotel sdh tua..."
Muliaty Bahar,3/5,11 bulan lalu di,Kamarnya sih lumayan untuk tipe deluxe tapi makanannya dihari pertama sangaaaat jauh dri kategori hotel bintang 3 hari kedua makanan AGAK SEDIKIT lumayan lah tapi ternyata sangat mengecewakan krn pd saat sy menanyakan kentang katanya ada â€¦
Ratih Rintan,4/5,7 bulan lalu di,"Nyaman, lokasi strategis, pelayana ramah. Sarapan lumayan komplit. Kamar bagus hanya saja agak sempit"
beatrice dwi,4/5,9 bulan lalu di,"Gak ada yg kurang untuk fasilitasnya,krn memang sesuai dgn harganya. Tapi saya tandain dgn 1 resepsionis Bela itu tolong ya ini HRD/FOM/GM nya klau baca dikasih tau anak trainingnya jgn smpai bau badan,kutuan. Seorang hotelier masak tidak â€¦"
Ranu Wijayanto,1/5,11 bulan lalu di,"Kamar kotor, ada kecoak, ada orang berisik sampai tengah malam , ngobrol, lari2 di koridor dan main bel jam 4 pagi.
Hampir setiap 2 minggu saya menginap di jogja, ini salah satu hotel dengan â€¦"
Benedicto Satrio Pamungkas,5/5,10 bulan lalu di,"Lokasinya strategis, tapi kalo rame susah ya buat parkir minim bgt ukuran basement nya. check-out kmrin di layanin sm mb friska ramah bgt, cantik, perhatian jg disuruh nunggu bntr biar kl ada barang ketinggal di kmr bs dikasih tau.. sippp mba""nyağŸ‘ğŸ» semoga tahun depan pas ke lynn bisa ketemu mb friska lagi. Salam bwt mb friska heheh â€¦"
Trisna Saputra,4/5,7 bulan lalu di,"Kamar bersih dingin, pelayanan oke, tp sayang untuk taste makanan perlu ditingkatan lagi"
Miftahurrohim (Miftah),4/5,setahun lalu di,"bukber di sini. liat di list sih nama pemesannya awalÂ² (alias mungkin yang booking awalÂ² untuk hari itu), eh tapi dikasih spot yang AC-nya mati dong, otomatis semeja pada kepanasan. ga niat buat ngasih pelayanan maksimal berarti ini mah. â€¦"
Dian Mutiara,4/5,setahun lalu di,"Buka puasa di hotel ini, kawasan Jogokaryan yg kalo tiap bulan ramadan rame banget orangÂ² nyari takjil. Oiya ku kira ada parkiran khusus di hotel nya, ternyata jadi satu sama pengunjung KRJ. Untuk makanan nya, kurang mantep aja bumbuin nya hehe jdi kurang berasa. Tp selebihnya baik sih."
Vina Nurulhaliza,4/5,setahun lalu di,"Kamarnya sih bagus bersih, pelayannya jg baik, ramah, lokasi strategis dkt dgn superindo, ke alun2 dan malioboro cmn sekitar 10 menit tapi menu main course di restonya itu2 aja jd bosan trs ac di restonya jg gk berasa"
S B,1/5,11 bulan lalu di,"Kecewa dengan lynn hotel. Bikin acara disini masakannya sangat tidak enak, tidak ada rasa sama sekali. Semua keluarga besar saya sangat kecewa dan bikin kapok, tidak akan bikin acara disini lagi masakan semuanya hambar. Dengan harga makanan sekitar @100rb+ /pax ini sangat sangat tidak rekomen sama sekali"
Kucing Kucing,1/5,10 bulan lalu di,"Tahun 2021 pernah nginep disini. Pesan 1 bed besar tp di kasih yg 2 bed terpisah!! Saat itu FO yg jaga cowok badan gempal! Pas saya telp FOnya eh di jawab ""Kasurnya bisa di join sendiri ya"" duh tong!! G cocok lu jadi FO! Semoga HRD/FOMnya baca dan pindahin org itu ke divisi lain kalau tu bocah masih di sana!"
Prihandarwati Faridah Nur,4/5,3 minggu lalu di,Breakfast nya kurang.... (taste) nya..
Niberazu,5/5,10 bulan lalu di,"Pelayanan bagus dan ramah,kamar juga oke hanya kamar mandinya agak sempit tempat parkir juga kurang luas.. sarapannya lumayan enak menunya banyak pilihan.."
Lulu Praba harjono,4/5,setahun lalu di,"Kesini dalam rangka pengen ke Kampung Ramadhan Jogokariyan. Layanan yg bagus, Kamar bersih. Cuma kamar mandi kurang bersih (mungkin wkt sy datang, kamar tsb lama tdk ditempati). Tapi so far, oke lah"
Ikhsan Agoes,4/5,10 bulan lalu di,Hotelnya lumayan. Breakfast kurang enak. Rooms service kurang krn pesan nasi goreng order dibilang sdh tidak ada padahal harusnya tertera layanan 24 jam. Order makanan msh jam 22 dibilang sdh tutup.
Faruq Makhrus,5/5,10 bulan lalu di,"Lynn Hotel terletak di kampung Jogokariyan, dekat dengan masjid jogokariyan. Dekat pusat kota, dan lokasinya terjangkau. Jalan masuk lumayan sempit. Cukup berhati-hati jika membawa mobil.
Kamar juga rapi bersih, pelayanan ramah."
taufan athar,5/5,11 bulan lalu di,Nyaman n Bagus..ada kolam renang..cm kamar kami kipas kamar mandi  Exhaust Fan mati..ada air panas bagus..kebersihan perawatan kmr mandi lantai n dinding perlu di giatkan lagi.
Yulis Juwaidi,4/5,setahun lalu di,"Bersih dan strategis. Jarak sekitar 3 km ke malioboro tapi sangat dekat dengan masji Jogokariyan, masjid yg dibangun tahun 1966. Kalau pagi banyak penjual souvenir dan daster didepan hotel. Kolam renang bagus, kamar bersih, menu sarapan lumayan"
Simek Shelden,5/5,4 bulan lalu di,Hotelnya itu sangat baik dan bagus dan lebih nyaman
Pungky Pink,4/5,3 bulan lalu di,"Hotel kecil tapi bagus, kolam renangnya asyik"
Anifaul Ekayanti,5/5,2 bulan lalu di,Suka sekali..dekat dengan masjid dan dengan tempat wisata
dyah wulandari,3/5,setahun lalu di,"Pengalaman pertama menginap di hotel ini, bersih, ruang kamar relatif luas, pegawai ramah.
Lokasi hotel sangat strategis, dekat masjid jogokariyan, dekat pom bensin, depan â€¦"
Bang Ezhar,5/5,10 bulan lalu di,"Parkir bus cukup 4-5, kamar bersih dan rapih, harga murah meriah, cocok untuk tour travel rombongan anak sekolah."
widya indrianny,3/5,setahun lalu di,"untuk kamar rapih, tapi lantai agak ngeres, bed cover kmrn saya agak robek tapi langsung diganti dengan yg baru oleh staff hotelnya. Sarapan banyak variasi, utk pelayanan cepat dan baik. yg perlu diperhatikan adalah kebersihan, dan fasilitas di dlm kamar hotel"
judas yohanes,4/5,10 bulan lalu di,Fasilitas lumayan oke. Dilengkapi kolam renang. Yang perlu ditingkatkan adalah sinyal wifi dan menu/rasa breakfastnya
jenie chen,3/5,setahun lalu di,"Bersih kok kamarnya
Cuman ada rombongan anak2 sekolahan  yg gak punya adab (padahal udah SMA tapi mirip bocah )lagi nginep juga.pencet2 bell kamar dan berisik ganggu banget.bolak â€¦"
Rizal Akbar,3/5,setahun lalu di,"Sudah beberapa kali menginap. pernah booking kamar sedikit, pernah juga booking belasan kamar sekaligus jadi lumayan tau situasi masing-masing kamar. Untuk kamar dengan tipe yg sama fasilitasnya bisa beda-beda. Banyak kerusakan disana-sini â€¦"
ardian11 Garage,4/5,setahun lalu di,"Datang ke sini pas bukber aja, rame poll dan full booked dari jauh hari. Harga bersahabat. Makanan lumayan komplit dari main course, pasta, soto, gorengan roti. Dapat pesan di pinggir pool. Lumayan asyik."
uceu nurhayati,5/5,setahun lalu di,"Lumayanlah tempatnya enak ada kolam renangnya meskipun kecil, tapi kalo untuk sekedar singgah dan bermalam ya lumayan, menu sarapan pagi nya enak2"
Fariza Musfa Safina,4/5,setahun lalu di,Crew di hotel ini sangatt baik dan responsif..kesan awal hotel ini sedikit mengerikan  atau serem mungkin krn sepi wkwk.. tapi ternyata.. semakin malem semakin ramee.. menu sarapannya kurang variatif
Suryadin Laoddang (Dosen Jualan),5/5,setahun lalu di,"Sepanjang tahun 2016 hingga 2020, sering bikin event disini bersama EO Sinergia milik Pak Endar.
Pilihan ruangannya banyak, mudah diakses, parkir agak terbatas sih tapi petugas â€¦"
Agus Agus 16,4/5,setahun lalu di,Parkiran nya sedikit..kami naik mobil hyundai H1...dapat parkir di bawah jadi agak susah...kamar sempit ternyata tapi kasur nya empuk.pelayanan karyawan bagus baik2...2 malam cukup utk menikmati hotel ini.anak2 tidak berenang karna sedang musim hujan
Widea Wiraspati,5/5,10 bulan lalu di,"Pernah menginap disini, harga terjangkau, ada di tengah kota, kemana mana dekat, tersedia pedagang oleh2 di depan hotel tinggal pilih saja cindera mata yang disukai"
Agus Susanto,5/5,setahun lalu di,"nginep di lynn hotel waktu liburan di jogja, hotelnya deket ke malioboro, alkid, masjid jogokariyan, dll, fasilitas hotel lengkap ada kolam renang yang luas, breakfast nya juga lengkap dan enak, staffnya ramah2. stay di kamar 303 kamarnya bersih dan nyaman, next bakal balik ke lynn hotel kalau liburan ke jogja lagi."
Tanti Idayati,5/5,2 bulan lalu di,Pool dewasanya 1.5 mtr
Munji Lestari,5/5,setahun lalu di,Menginap di sini pas ada acara Bimtek Kurikulum. Untuk kamar rapih bersih kamar mandi juga terawat. Ruang untuk acara bimtek mungkin kurang luas saja. Makanan lumayan enak.
Laela Shofia,5/5,3 minggu lalu di,"Hotel yg nyaman meski hanya semalem tpi berkesan ğŸ˜…ğŸ˜…ğŸ˜…. Meski terletak masuk ke dalam gang tpi dont worry ada parking area di basement. Ada swimming pool. Deket masjid Jogokaryan, â€¦"
Juwita Hendrawan,3/5,setahun lalu di,"Kamar mandi kurang terawat, agak kotor, kurang peralatan. Kami tinggal ber 3 dengan extra bed, tapi tdk ada selimut unt extra bed, sikat gigi dan gelas hanya 1"
Megahari Januar Supit,5/5,setahun lalu di,"2x menginap di tempat ini pada tahun 2016 dan 2019, pada booking kedua meminta special request kamar yg sama dan terpenuhi.
Luar biasa lynn hotel ini dari kebersihan kamar, kamar mandi, area lobby perfect â€¦"
Dilla Sigit,2/5,setahun lalu di,"Parah!
toilet kotor banyak noda. Handle toilet patah, kasur miring.
Breakfast ala kadarnya, lauk standar paling nggak ayam goreng, ini cm ikan â€¦"
Joko Mardyanto,4/5,2 tahun lalu di,"Anak2 suka disini,  kolamnya bersih. Air panas mantap,  cuma sayangnya kalo ada acara kolam renang ga bisa dipake. Sama kurang sedikit, untuk kamar bilas dikamar mandi ga ada air hangatnya+ masakan kurang banyak menunya pas sarapan pagi"
Dyah Purnama,5/5,setahun lalu di,"Hotel terakhir yang jadi tempat aku dan ibu staycation sebelum beliau meninggal, hotelnya lumayan nyaman ada kolam renangnya, namun menu makanan kurang bervariasi secara keseluruhan sesuai dengan harganya"
Light Giver,4/5,setahun lalu di,"Lokasi yg baik dengan ada apotik, makanan, mini market di sekitar yg terjangkau.
Hanya ketika di sana, AC di lorong dimatikan dan sangat ramai dengan bis bis, â€¦"
Faisal Akhmad,4/5,11 bulan lalu di,Acara kantor di sini. Sejauh ini nyaman. Toilet lumayan bersih. Mushola lumayan luas dengan tempat wudhu banyak ğŸ‘ â€¦
aminin Mecanis holaholo,4/5,10 bulan lalu di,Yaman & bersih cocok buat menginap    klwarga si ruang tenfah ada pemandangan kolam renangy
anak lanang,1/5,setahun lalu di,"mohon maaf, pertama datang tidak ada staff hotel yg menjamu tamu. hanya terlihat 2 orang staff di resepsioni kesan yg saya pertama kali lihat, seperti hotel kosong tak berpenghuni dan seram â€¦"
Najlaa Fathara,3/5,2 tahun lalu di,"Kamar cukup bersih,, tp kamar mandi air lantai menggenang , sarapan sangat kurang baik dr segi kualitas maupun kuantitas, syukur ada kolam renang buat anak2... Oia warna tv burem, byk Chanel tv nasional yg ga ada"
ferdi P.,2/5,3 tahun lalu di,"Hotelnya lumayan ada kolam renang anak dan dewasa sebagai nilai plus . Minusnya banyak :
1. Saya memesan 2 kamar dengan tipe sama superior beda set up room yang satu ada â€¦"
fahrur rosidi,1/5,setahun lalu di,pelayanan saat check-in lama dan ribet. hanya ada 1 orang di FO. kamar dan fasilitas kamar tidak layak untuk harga 500 an ribu rupiah. kamar mandi sempit dan tata letaknya menyulitkan penggunaannya. kapok nginep disini
Andromeda Quakes,5/5,setahun lalu di,"Lokasinya mudah dijangkau. Walaupun hotelnya terhitung kecil, tetep terasa nyaman. Meeting areanya juga sangat nyaman. Bisa jadi rekomendasi bagi yg cari meeting room di hotel yg lokasinya nggak jauh dari pusat kota."
Mz Evan Jogja,5/5,setahun lalu di,"Belum pernah menginap tapi pernah menggunakan ruang rapatnya, so far so good sih ... parkiran basement agak sempit penuh kendaraan, mungkin karena peak season jadi full."
Maman Daulima,4/5,10 bulan lalu di,"Finally di Jogja nemu hotel mewah harga 400rban, karena hotel di Jogja tuh udah mahal kalau yg mewah. Udah ada pool, dan breakfastnya."
wulan widya,1/5,setahun lalu di,Not recommended for business purposes (like office meeting) when we need parking space. â€¦
3. Ms. Indrastuti tuti,4/5,setahun lalu di,"I paid a bit pricey staying at this hotel but I found there was no refrigerator inside the room. I need to put some stuffs near refrigerator since it should be placed in warm temperature, so I asked the hotel staff to do it for me. â€¦"
Muhammad Sultan (Sultan),5/5,10 bulan lalu di,Pengalaman terbaik selama menginap di Lynn hotel adalah keramahan dan kehangatan dalam pelayanan yang diberikan oleh seluruh karyawannya.
Sheva Ahmad,3/5,2 tahun lalu di,Untuk pelayanannya sangat ramah tapi saya agak kaget dengan hotel bintang 3 ini yg mana minimal ada hair dryer atau dapat complimentary coffe set up tetapi hanya dapat 2 mineral water dan heater saja dan hanya mendapat 1 dental kit. Tolong â€¦
Amalia Istiana,4/5,3 tahun lalu di,"Lokasinya strategis, dekat pom bensin, dekat jalan utama, dekat juga dari objek2 wisata di jogja. Parkir basement cukup sempit tapi biasanya ada petugas yg bantu mengarahkan kalau parkiran penuh. Kamarnya bagus. Kebetulan teman saya pesan 2 â€¦"
SOBO HOTEL OFFICIAL,4/5,3 tahun lalu di,"(+) Lokasi stategis akses ke kota jogja dekat, deket SPBU. Sekitaran hotel banyak tempat makan, coffe shop dan minimarket. Hotel nyaman, staff ramah, pool lumayan besar asik buat renang. Kamar sesuai di gambar app, bersih, kamar mandi â€¦"
Husnul K,5/5,2 tahun lalu di,"hotel yang sangat nyaman dan cocok untuk pasangan yang ingin staycation berdua karena kamarnya yang sangat privasi. Harga lebih murah dari hotel bintang tiga lain di jogja tapi kualitasnya jauh lebih baik. Desain interior modern minimalis, â€¦"
Rudiansyah,5/5,10 bulan lalu di,"Secara keseluruhan baik itu kamar, layanan dan lokasi memuaskan. Rekomended hotel"
Andhika Tri Saputra,4/5,2 tahun lalu di,"Kamar mandi nya mungkin bisa lebih di perhatiin, kotor coklat"" gitu, tempat sabun nya juga pas pencet ada hitam"" di pencetan pertama, juga untuk memperhatikan isi tissue di kamar masa habis, shampo nya juga habis tp gak di isi ulang pas make over kamar, semoga kedepan nya bisa lebih baik."
ika apriandini,4/5,2 tahun lalu di,"Pelayanan ramah, kamar bersih, sarapannya g banyak pilihan menu tp enak kok, kolam renang bersih,lumayan untuk hiburan anak2.. Hanya saja selimut sama seprei yg terlihat sudah lama.."
mata tari,3/5,setahun lalu di,"Parkiran terlalu curam..
Jalan samping kolam renang dipakai meja makan jadi sempit..klo turun pinggir kolam rentan kepleset karena licin kena air kolam."
Juhn Liem,1/5,setahun lalu di,"Hotel bintang 3 tapi ac kamar gak dingin, padahal sudah suhu terendah 16 Â°C blower full, kalah sama hotel bintang 2 ... sudah lapor reception tapi solusinya hanya dikasi kunci kartu ganjel power utk listrik kamar spy kalo bepergian ac tetep â€¦"
Rizky Fatmawati,3/5,2 tahun lalu di,"Staff saat check in tidak ramah. Juga saat saya masih berada di dalam kamar, staff tiba tiba masuk tanpa mengetuk pintu terlebih dahulu. Tolong ya attitude dan SOP nya diperbaiki lg. Saya juga seorang hotelier. SOP ketika ingin mengecek â€¦"
Fransisca Betty Dwiningsih,4/5,2 tahun lalu di,"Begitu masuk suasananya homy dan cosy banget, sayangnya resepsionisnya ya...gitu dech seperti tidak ada apa-apa. â€¦"
galih siregar,5/5,3 tahun lalu di,"Honest review fasilitas sebenarnya sudah sesuai dgn harga yg terjangkau. Property jg well maintained. Sayang guest supply & amenities aga kurang misalnya ga ada room slipper, ga ada coffee/tea tp ada water heater, ga ada bath mat di â€¦"
johanna sarah,3/5,setahun lalu di,"Cocok utk transit. Stay waktu musim mudik, kolam renang lg under maintenance. Stafnya ramah & membantu ğŸ‘ğŸ¼ â€¦"
Ufi Hudan Pratama,5/5,setahun lalu di,"Salah satu rekomendasi hotel yg nyaman ditengah ramainya kota jogja.
Nyaman, servis pelayanan bagus."
R _setiawan_,4/5,2 tahun lalu di,"Hotel bintang 3 dekat dgn Masjid Jogokariyan Yogyakarta yg fenomenal, utk tamu yg akan berkunjung ke Masjid Jogokariyan tinggal jalan kaki saja sekitar 3 menitan. Kebersihan oke.. kamar dibersihkan & dirapihkan setiap hari, petugas ramah2 â€¦"
Tri Puji Pangesti,4/5,2 tahun lalu di,"Viewnya bagus... tempatnya bersih.. hanya saja...
1. Parkir berbahaya hanya satu pintu tanpa security atau tukang parkir, riskan bertabrak. â€¦"
Diah Ayu,4/5,2 tahun lalu di,"Comfort room, clean, polite service, avail hair dryer, hot water, and chiller (but the chiller isn't cool enough). Tapi 1 yg mengecewakan, waktu check in avail start from 1pm tapi kami datang jam 3pm kamar kami blm ready, kami menunggu 1 â€¦"
Ini Resa,4/5,3 tahun lalu di,"Parkir nya luas, lokasi mudah ditemukan. Hotelnya untuk kamarnya juga bagus dengan harga segitu. Pelayanan nya juga bagus. Namun, saran saja untuk kedepannya utk semua tipe kamar dg harga berapapun, sayangnya peralatan dikamar mandinya jadi â€¦"
Yakimu belle,5/5,8 bulan lalu di,"Staycation lagi untuk 2 hari. Kali ini seneng banget dapet hotel dengan kolam renang yg real 1,4m/1,5 kalo ga salah. Yang udah2 hanya sekitar 1,2m aja. Untuk kamar bisa milih sesuai keinginan kita. Asalkan stok kamar masih ada ya,hehe. Kita â€¦"
Utrie Yunita,1/5,2 tahun lalu di,"Kamar mandi kotor. Dinding kotor. Di dalam kamar mandi tidak ada ammenities, telepon ke resepsionis responnya 30 menit tapi tidak diberikan yang diminta.  Kamar mandi kunci rusak dan kekunci dari luar. Not recomended."
bambang kristiyanto,4/5,4 tahun lalu di,"Awalnya memilih hotel ini karena dekat dengan Masjid Jogokariyan. Ternyata tidak hanya dekat dengan masjid Jogokariyan, akan tetapi juga dekat dengan pusat perbelanjaan Superindo, dekat dengan ATM dan SPBU, dan beberapa makanan rumahan yang â€¦"
Herdy Trainer Origami,5/5,2 tahun lalu di,Tempatnya bagus. Nyaman. Tersedia ruangan untuk kegiatan seminar dan pelatihan. Fasilitas cukup lengkap.  Pelayanan baik. Ramah. Ada kolam renang. Bisa mengajak keluarga untuk refreshing. â€¦
Fredy Rasyid,5/5,2 tahun lalu di,"Hotel santai yang terletak di bangunan modern dengan aksen desain Indonesia klasik ini berjarak 3 km dari Keraton Ngayogyakarta Hadiningrat, istana abad ke-18, dan bekas situs taman kerajaan Taman Sari. â€¦"
Adin Khairudin,5/5,setahun lalu di,"Kamarnya bersih, air panas ada, kolam renang ada, sarapan pagi juga banyak tersedia makanan"
Anugerah Yoga,5/5,2 tahun lalu di,"Hotel yang nyaman. Baik untuk menginap, pertemuan besar maupun kecil, dan keperluan lain-lain. Lobi, restoran, tempat pertemuan mengelilingi kolam renang sehingga kesan santai terasa. Kamar-kamarpun berada di lantai 2 ke atas dan berposisi â€¦"
ISNARTOMO SETIAWAN,5/5,8 bulan lalu di,Hotel yang nyaman untuk menginap kamar bersih dan nyaman dengan pelayanan yang sangat ramah...
Dedek Irna,3/5,setahun lalu di,Pelayanan kamar ny pas kemaren dtg pesen 5 kamar semuanya blm siap handuk. Ditelpon ke operator hotel ktnya baru mau diambil di laundry dan baru dksh sorean n kamar saya malam baru dpt. Smoga lbh baik pelayanan ny.
Latoya Mineral Water,5/5,4 bulan lalu di,"Nyaman, tenang, staf ramah ğŸ‘ â€¦"
Irwansyah C Nugraha,3/5,4 tahun lalu di,Kamar tidurnya cukup untuk berdua. Kamarnya nyaman. Kamar mandi air hangatnya berjalan baik. Sayangnya persediaan sarapan akan cepat habis jika sedang ramai. Dan waktu pengisian ulang makanan akan sedikit memakan waktu (lama). Untuk rasa â€¦
Rinduri Darnantri,4/5,3 tahun lalu di,"Untuk kualitas sudah sesuai dengan harga, disediakan mesin pemanas air untuk buat teh tapi tidak disediakan teh atau coffee :( hanya ada gelas doang sama air mineral. Apakah emg gaada apa gimna gangerti juga. Untuk makanan di restonya enak"
monita deka,4/5,3 tahun lalu di,"Terdiri atas 5 lantai,  dengan basement sebagai parkiran,  lantai 1 lobby,  tempat makan,  kolam renang,  lantai 2 ada ruangan untuk mengadakan seminar atau sebagai auditorium,  lantai 3 untuk kamar,  lantai 4 untuk kamar bebas merokok. â€¦"
Aditya Herdian Yudhatama,4/5,setahun lalu di,"Kamarnya oke, bersih, pelayanan mantap. Tapi kamar masih bocor dari suara luar yang jelas."
nandang kusnandang,4/5,5 bulan lalu di,Masih cukup berkeringat buat jalan ke marioboro
Angga diyo,5/5,2 tahun lalu di,"Hotel nya sih bersih nyaman tempat nya jg bagus swiming pool jg bersih, menu makanan nya jg relatif enak pelayan nya jg baik ramah tp sayang AC kmar di no 416 tdk dingin sama skali huhuhuhu"
Fina Zakiyah,4/5,3 tahun lalu di,"tempat enak, namun ada beberapa fasilitas kamar yang kurang seperti ac kurang dingin, untuk perlatan minum tidak sediakan sendok untuk buat teh atau kopi, korden sobek. tolong lebih diperhatikan untuk fasilitas kamarnya."
Atus Syakiroh,5/5,setahun lalu di,Cukup memuaskan dengan lokasi yang dekat dengan masjid jogokaryan.. Kamar nyaman dan area outdoor yang juga cukup menyenangkan
Sabrina Umi Khabibah,3/5,4 tahun lalu di,"Hotelnya bersih, sejuk dan harumnya khas aromaterapi.
Lahan parkir tidak terlalu luas, makanan rasanya standar, pelayanan ramah dan membantu. â€¦"
Putri Oktavianty,4/5,4 tahun lalu di,Makanan lauknya waktu saya menginap tidak begitu banyak. Rasa mienya standart aja tapi ikannya lumayan enak. Ada bubur ayam dan ada sop sayur utk sopnya kurang berasa kuahnya hanya ada rasa sayur. Tapi dessertnya ENAKKK dan bakwannya walaupun isinya cuma kol tapi enakkk overall 8/10 utk makanan di hotel ini :)
Dee Novila,5/5,3 tahun lalu di,"Hotel Lynn By Horison YogyağŸ’•
Hi D'Travelers, mau riview dikit nih^^
Jadi kemarin pas Trapelokah ada big sale , dapat harga yang OMG murmer utk hotel â€¦"
Hadriani Putri,5/5,4 tahun lalu di,"Pertama kalinya ke Yogyakarta dan menginap di Lynn Hotel, menurut saya hotel ini sangat bagus. Lokasi hotel strategis, tempat wisata, hiburan dan tempat bersejarah jaraknya dapat dijangkau dari hotel ini. â€¦"
Reza Akbar,5/5,2 tahun lalu di,"Konsep Halal Bi Halal yang hemat dan seru bersama Lynn Hotel. Dengan harga makanan All u Can Eat yang terjangkau, kita bisa mendapatkan makanan yang mewah dan lengkap di tepi kolam renang. Sangat cocok untuk anak-anak yang ingin berenang dan Orangtua yang bercengkrama bersama di tepi kolam"
O C I D,4/5,2 tahun lalu di,"Pelayanannya ramah, kamar yg ditempati juga nyaman, fasilitas lengkap. Ada poolnya walaupun ramai pengunjung tp okelah. Dapat harga promo yang cukup terjangkau untuk hotel sekelas ini. Thank you ğŸ‘ğŸ½ â€¦"
Bagas Radikananto,2/5,setahun lalu di,"Maaf kurang memuaskan

Ac tidak dingin. â€¦"
Aprilia Gita Savitri,5/5,5 tahun lalu di,"Pengalaman menginap yang sangat menyenangkan. Fasilitas kamar dan pelayanan yang sangat memuaskan. Kamar tertata rapi, bersih gak lembab, wangi. Toiletnya juga bersih. Pelayanan sangat ramah dan cepat tanggap. Toiletries tersedia lengkap. â€¦"
Nurman Syah,4/5,setahun lalu di,"Secara keseluruhan sih udah bagus, cuma sarapan nasi goreng dan mie nya dingin, jadi nikmat nya berkurang, pdhl rasanya udah pas. Dan itu masih jam 7 pagi lho"
muh dian perdana,5/5,setahun lalu di,"Kamarnya standard hotel lah seperti biasanya. Layanannya oke, pegawainya ramah.
Lokasi cukup strategis, 15 menit dari Malioboro.
Jangan lupa mampir di Masjid Jogokariyan."
Ainul Mardhiah,5/5,5 tahun lalu di,Saya di kamar 412 dengan harga 250 pesan lewat agoda dapat kamar yang nyaman dan bersih. â€¦
herry suprianto,3/5,3 tahun lalu di,"Kamar lumayan, hanya sarung bantal nya kekecilan (bantal keluar), lantai kmr mandi air menggenang.. Lainnya/Kebersihan/kolam renang/pelayanan...ok."
Eko Kus Prasetyo,5/5,setahun lalu di,"Saya menginap dg kluarga, anak2 senang sekali dg pngalaman berenang, sarapan cukup variatif. Lokasi jg nudah dijangkau."
M Febi Trihandoko (OmSweby),5/5,10 bulan lalu di,Makanan nya doang yg monoton setelah beberapa hari menginap disini
Muhammad Hanif Ibrahim,5/5,3 bulan lalu di,Ada kolam renangnya
Dian Agung,4/5,3 tahun lalu di,"Tempat tidur nyaman. Pencahayaan kamar tidak memiliki lampu utama yang terang, nyaman untuk tidur tetapi tidak untuk mengerjakan tugas. Wifi masih oke untuk streaming video tetapi putus putus sewaktu dipakai voice call. Jika anda tipe yang suka nonton tv di kamar, sayangnya hanya tersedia siaran nasional, itupun jumlahnya masih terbatas"
aks â€œë¼ë¼â€ rara,5/5,setahun lalu di,"ke sini buat bukber, harga bersahabat, menu nya juga variasi sesuai budget nya, dan rasanya enak-enak, ruangannya bersih, pelayanan oke"
Setya Wardana,5/5,5 tahun lalu di,"Pas kesini cuma buat menghadiri acara yg diadain sama tempat kerja, jd belum tahu pasti tentang fasilitas kamar dan suasana menginap. Waktu itu pake conference room yg berseberangan langsung dg swimming pool. Room nya minimalis sih dg â€¦"
untung sugiarto,3/5,2 tahun lalu di,"Sy Dateng jam 12 siang niat y mau liaht kmry dlu,tp kmr LG d bersihin dan Bru bisa chek in jam 2,jd sy balik pas jam 2,pas sy mau masuk d DPN kamar ada piring,magkok kotor beks tpi seblmnya dan waktu lihat kmaar ya ğŸ¥² haduh gelap â€¦"
si jelo michaelangelo,4/5,6 tahun lalu di,"Tempatnya lumayan, kolam renang ada ditengah2 hotel, menyenangkan. Tempatnya bukan dipinggir jalan besar (jln parang tritis)  tapi mudah diakses. Parkir mobil ada di basement tapi gak banyak sekitar 10 mobil, sisanya didepan hotel dan terbuka, kalau hujan??? Kamarnya gak luas luas amat tetapi lumayanlah. Air panas nya enak."
Hafidz Prasetya,5/5,2 tahun lalu di,LYNN Hotel by Horison truly chain by MGM. Located in attractive destination of Jogjakarta. The hotel is characterized by its own regional Javanese culture and the special local Javanese characteristic of service. Its only takes about 15 â€¦
Winta Dewi Yudhantari,3/5,3 tahun lalu di,"Harga publish superior 200 ribu per night. Tapi dlm kamar ga dapat kopi teh gula, ga dikasih tissue kecuali tissue toilet. Pesan 2 kamar buat 4 orang dikasih sendal cuma sepasang per kamar. Ada kolam renang. Di depannya ada warung makan. Sebelahnya pom bensin. Lumayan kalo cuma buat istirahat sebentar"
aa hhh,3/5,4 tahun lalu di,"Untuk bintang 3 sih ini standartnya agak kurang ya. Order lebih dari 20 kamar ada yang dapet air mineral qda yang nggak dapet, sarapannya standart buffe kurang oke hanya nasi mie oseng buncis dan ikan mangut. Pilihan juga ng banyak hanya â€¦"
Alvi Rachman,5/5,2 tahun lalu di,"Bagi para pelancong atau turis yang ingin mendapatkan hotel dengan tempat yang strategis, lynn hotel yogya adalah jawabannya karena didekat hotel itu sendiri ada superindo yang hanya bisa dijangkau dengan jalan kaki, disamping hotel â€¦"
Someone Hehe,4/5,3 bulan lalu di,Minus tv nya doang
Bakoel Palugada,3/5,3 tahun lalu di,"Kamarnya bersih, lumayan besar, dapat view kolam renang, tapi sayang klosetnya menghadap ke kiblat, jadi semalam aja nginepnya, besoknya pindah hotel"
Yana Roester,3/5,3 tahun lalu di,untuk kebersihan kamar mandi di room 410 itu gak bagus kotor . di room 410 gak ada kopi teh dan gula . gak ada sendok kecil juga . cuma adanya pemanas airnya saja dan free air mineral  . tissue di ruangan gak ada . jadi harus pake tisue toilet . untuk proses check in dan check out sangat bagus cepat . parkiran luas .
Sugeng Budiharsono,5/5,4 tahun lalu di,"Lynn Hotel by Horison terletak di sebelah selatan pusat kota ( Malioboro dan Keraton Yogyakarta). Terletak di Jalan Jogokaryan dan berada sekitar 200 meter dari Masjid Jogokaryan yang terkenal di Indobesia, sebagai masjid yang tidak terlalu â€¦"
Mama Nur,1/5,4 tahun lalu di,"Saya pastikan ini terakhir kali saya menginap disini. Pelayanan sangat buruk. Datang ke hotel pkl 14.30, disuruh nunggu alesan spv ngecek kamar dan itu selama 30menit. Belum masuk kamar, ada banyak rombongan bus datang. Feeling udah gak â€¦"
Brian Damara,4/5,7 bulan lalu di,"Nice , bersih ,pelayanan good
Jauh dari kmacetan kota ."
Rara jalan jalan,2/5,setahun lalu di,Saat saya study tour saya menginap di Lyn hotel dan saat itu ada kond*m di closet kamar teman saya dan di kamar saya ada kecoa kecil 2
Yusuf Wahyudi,5/5,11 bulan lalu di,"Nginep disini waktu bulan puasa 2023, seru nya ya bisa cari takjil di kampung ramadhan sepanjang jalan ya."
149_ Gede Prananda,4/5,setahun lalu di,untuk kamar nya sprei dan selimut terlihat kotor dan banyak sobekan tapi untuk breakfast lunch nya rasanya enakkk bangett
Desy,4/5,5 tahun lalu di,"Overall pelayanan serta kamarnya oke. Hanya saja wifi di kamar sangat lambat sehingga kami tidak menggunakan wifi. Kalau tidak untuk perjalanan bisnis menurut saya tidak terlalu mengganggu, tapi jika untuk keperluan bisnis kelancaran wifi â€¦"
vani sfd,4/5,2 tahun lalu di,Bukber dsni murah. Menunya ya ssuai lah. Tp rasa lumayan. Pelayanan bagus ramah2. Mushola panas.loby puanas.. ga tau knp gini ya.. lokasi area macet tp strategiss..
Priss Ayun,5/5,4 tahun lalu di,"Kebetulan ke sini buat prenatal yoga,  ruangan yang digunakan luas,  nyaman banget buat yoga,  cukup luas dan nggak sempit jadi masih leluasa buat yoga.  Untuk parkirannya cukup sempit,  liftnya oke,  fasikitas seperti mushola juga bagus, â€¦"
Imam Machfut,4/5,3 tahun lalu di,"Lumayan sih mnurut saya hotel LYnn ini,cuma sedikit heran aja waktu pertama masuk kamar minuman yg di sediakan cuma air mineral,kgk ada yg namanya tea sachet or coffe or sugarğŸ˜ â€¦"
Kiki Widyaningsih,2/5,4 tahun lalu di,"Kami menginap disini hanya keluarga kecil. Kebetulan berbarengan dg rombongan bis. Kami masuk jam 12 tengah malam.
-Diberikan kamar dipojok,yg sepertinya tdk dipelihara kebersihannya. â€¦"
campus channel,5/5,3 tahun lalu di,"Pada saat ke sini dapat promo dari tiket, jadi mungkin harga pada saat saya ke sana dan skrng beda. Untuk pasilitas nya bagus, karyawan hotel nya ramah semua pada saat berpapasan mareka sopan. Dan ada kolam renang buat pengunjung hotel."
Atiwa Mandiri,2/5,2 tahun lalu di,"Kamar mandinya kotor, didalam kamar didalam tissue di kasurnya juga tidak ada guling, lorong depan kamar juga tidak ada karpet jadi kalau ada orang lewat berisik.."
muhammad makmun,4/5,4 tahun lalu di,"Dekat masjid Jogokaryan (alasan menginap disini). Staff ramah, kamar bersih, toilet lumayan bersih, ga ada sikat gigi & odol. wellcome drink ga ada kopinya, hanya teh, gula putih, brown sugar, creamer. Handuk nya harus segera di ganti karena sudah tidak layak. Makanan lumayan sekedar untuk sarapan."
Bernadetha Ajeng Tresnaningsih,5/5,2 tahun lalu di,"Mba resepsionis nya ramah, check in cepet, parkiran luas ada basement, kamar cukup nyaman, teh kopi air mineral ada, sandal ada, sabun sampo sikat gigi ada, handuk sprei lumayan bersih, kolam renang bersih,, terima kasih pelayanannya lynn hotel"
Simade Channel,5/5,3 tahun lalu di,"LYNN Hotel adalah sebuah pilihan yang sempurna untuk menginap yang membuat anda merasa nyaman untuk tinggal karena letaknya di kota Yogyakarta yang merupakan jantung pariwisata, pusat belanja, hiburan dan tempat wisata kuliner dan â€¦"
Anindita amrina rasyada,4/5,5 tahun lalu di,"Lokasi cukup strategis, dekat dengan mesjid jogokariyan, dan alun-alun selatan, di sebelahnya ada atm BRI ada spbu juga. Kalau malam banyak yg jualan di luar hotel, memudahkan bagi yang ingin mencari makan. Parkiran luas, ruang tunggu juga luas, seperti hotel mewah, kamar bersih dan ada kolam renang."
christian santoso,5/5,8 bulan lalu di,Mungkin menu break fast kurang menarik terutama untuk anak2
Abdi Nurdiansyah,1/5,4 tahun lalu di,"Handuk nya lebih parah daripada keset, robek nya bisa dilihat di gambar. Staff room service sangat tidak sopan atau kurang ajar, keset di kamar belum diberikan tapi staff tidak percaya dan memaksa mengecek masuk kamar mandi padahal sudah dikatakan ada orang tua saya sedang mandi tapi tetap masuk. Sangat kurang ajar sekali."
anisa ayu,5/5,3 tahun lalu di,"Tempatnya strategis, interior nya bagus, bangunannya keren sih menurutku... pelayanannya ya lumayan lah... Cuman pas kemarin nginep disana, dapet kamar lumayan agak belakang, jadi kerasa sepi banget, kayak satu lantai itu cuman aku yg pake... Tp untuk keseluruhan oke"
Muhammad Ridho,4/5,5 tahun lalu di,"Sebenarnya hampir tidak ada yang bisa saya keluhkan dari pengalaman menginap di LYNN Hotel Yogyakarta by Horison. Staf yang sigap, ramah, dan hangat menjadi kesan yang paling melekat. Dua malam di sini rasanya sudah seperti di keluarga â€¦"
Kokoh Handoko,4/5,4 tahun lalu di,Hotelnya nyaman dan bersih walaupun memang tampilan agak tua. Stafnya ramah dan sangat membantu. Namun ada sedikit kekurangan yaitu jaringan TVnya kurang jernih dan menu sarapan nya boleh dikatakan biasa saja untuk hotel berbintang. Selain itu sudah baik. Nice...
Sigit Mirawan,3/5,4 tahun lalu di,"Harga tergolong mahal dibanding apa yg kita dapatkan, tp ada kolam renangnya dan gym. Kebersihan dan pelayanan bagus. Sayangnya begitu masuk kamar, pengharum ruangan terlalu keras aromanya, jadi sesak dan pedih di mata, apalagi jendela tidak dapat dibuka, jadi harus buka pintu dan ngipasÂ² angin keluar pakai bantal."
anieta saktie,4/5,2 tahun lalu di,"Di sini cuma numpat rapat aja, ruang rapat nyama, AC adem, fasilitas oke .. ada air putih, permen, kertas, pensil .. proyektor .. Toilet juga bersih. Ada kolam renang. Untuk menu makanan belum lihat beragam menu, tetapi untuk menu kemarin, menurut saya rasa kurang nendang."
Dendy Aqila agata,4/5,4 tahun lalu di,"Hotel ini sudah termasuk kategori hotel yang cukup nyaman, lokasi yang strategis, dekat dengan pusat perbelanjaan, pengisian bbm dan tempat ibadah umat muslim,
Dari luar memang hotel ini terlihat seperti hotel- hotel lainnya, tetapi saat â€¦"
Fandhy Aria Perdana,4/5,6 tahun lalu di,"Unuk lokasi dekat dengan Jalan Prawirotaman yang terkenal dengan daerah yang banyak terdapat turis-turing asing dan juga kehidupan malam. Untuk Kamar saya mengambil tipe Deluxe yang memiliki ukuran cukup besar, bersih dan nyaman, namun â€¦"
Prawestri Rahayu,5/5,5 tahun lalu di,"Sangat puas dengan pelayanan dan fasilitas hotel. Di dalam kamar terdapat loker dan kulkas. Di kamar mandi terdapat hair dryer. Kasurnya empuk, sepreinya wangi. Ada kolam renangnya jg. Pesan lewat traveloka tgl 30 juli cuma 275.000 (tidak â€¦"
The dare Devil,1/5,3 tahun lalu di,"Kamar kecil, ga cocok untuk tempat menginap keluarga, acnya payah, 16 derajat tapi tidak dingin, sudah minta tolong di cek tetapi teknisi ga dateng dateng, lokasi tidak strategis, tidak ada mesin pembuat kopi, hanya diberikan mineral water,"
Thony Fathony,3/5,2 tahun lalu di,"Lumayan lah ...hanya ada kekurangan menurut saya
- AC ngak dingin
- Kamar penerangan kurang terang jika dibuat bekerja kurang nyaman
- Staaf kurang ramah"
Reifito Akmal,5/5,3 tahun lalu di,"tempatnya bagus nyaman bersih juga,menu nya bervariasi,mempunyai tempat parkir,menu makanan setiap harinya bervariasi,kamar hotel nyaman,toilet bersih ,pelayanan nya sangat baik,mempunyai kolam renang dan ruang meeting"
Yani,4/5,4 tahun lalu di,"Kamarnya lumayan bagus. Sayangnya pas dikamarku, per-kasur nya sdh agak kendor jd mentul2 ğŸ˜ğŸ˜. Tidur disini tgl 9-10 nov 19 bersama rombongan satu bus. Pelayanan nya baik dan cepat. â€¦"
Nonie Elisabeth,1/5,2 tahun lalu di,Dalam pelayanan staff kurang baik untuk yang sekarang.  Kurang sopan. Dan tidak profesional. Ketus dan tidak ramah .sangat disayangkan hotel nya trjngkau fasilitas ada tp kinerja staff kurang mendukung dalam segi pelayanan ke konsumen
della giauw,2/5,2 tahun lalu di,"Kamar terlalu kecil, booking room non smoking, ktanya sdh full jd dikasi yg smoking begitu masuk bau rokoknya parah banget n pengap sekali, suami lngsung complain hrs ganti kmar krn ada anak kecil eh ternyata malah bisa ganti ke kmr yg non â€¦"
S P,4/5,5 tahun lalu di,"Bangunan baru. Lobby cukup besar, dilengkapi kolam renang. Parkir cukup luas ada basement dan parkir lobby. Pelayanan ramah. Ukuran kamar tidak terlalu sempit. Fasilitas lingkungan sekitar cukup lengkap tersedia spbu, superindo, dan masjid berjarak sekitar 100 m."
Uen,5/5,5 tahun lalu di,"Service oke,  kamar bersih,  kamar mandi ada sekat nya jadi air ga bleberean kemana2. Air shower lancar banget.  Sukak.  Sarapannya macem2. Cuma apes nya bareng rombongan norak teriak2 tengah malam,  pencet2 bel kamar orang ga jelas.  Mungkin mereka datang dari planet lain."
Suseno mahardiko,2/5,2 tahun lalu di,"Buffet sarapan terbatas, prasmanan tapi dilayani dan dibatasi pengambilannya, makanan super standar, buah cuma ada satu melon itupun dikerubungi lalat buah, I am okay with it, but only for 1 star hotel, please fix it, I love you â€¦"
Culinary Hunter,5/5,5 tahun lalu di,"Nyaman.. kamarnya luas, kebersihan terjaga.. sangatlah worth it dengan harganya ğŸ‘ pelayanannya sangatlah ramah.. terkesan juga dengan pelayanannya yg excellent, makanan lumayan enak.. harga2 makanan standardlah.., krna porsi memang besar. â€¦"
Indra Ari Mujiono,4/5,5 tahun lalu di,"Staf ramah, bangunan sedikit aga tua klo di kamar nya, makanan standar, kamar nya saling menghadap udah kaya di rumah susun, buka jendela sedikit keliatan sama tamu yg lain, jd agak kurang privasi aja si. Dan kolam renang nya di tengah bangunan, jd ya klo renang siap2 aja di tonton dari sudut kamar"
Dwi Setiawan,2/5,setahun lalu di,"Baru datang, langsung sering bersin (mungkin ruangan rada berdebu), menu breakfast biasa aja: bihun rada apek, nasi goreng biasa aja, dan pilihan sedikit."
danish1289,5/5,4 tahun lalu di,"Suami bikin surprise utk anniversary kami dan staf disini responnya sngt baik, very helpful. Mrk dekor kamar km dg spesial, dan bsknya smua staf bserta manager nya nganterin cake utk kami. What a surprise!! Thanks Lynn hotel, this is the best wedding anniversary moment ever!"
Toto Widjodjono,5/5,9 bulan lalu di,"Tempatnya nyaman, ngopi santai okey, layanan ramah full senyum.."
Ariestu Satyawangsa,4/5,6 tahun lalu di,"Skala 1-4
Kebersihan 3 (pernah nemukan yg lebih bersih)
Breakfast 2 (kurang variasi) â€¦"
R.E Pratama,5/5,6 tahun lalu di,"Pelayanannya sangat memuaskan. Karyawan ny ramah. Kamarnya bagus, saya dapat view kolam renang, fasilitas kamar ny lumayan lengkap. Untuk menu lumayan enak. Untuk minus ny mungkin di lift aja, pas saya kesana cuman berfungsi satu lift."
Swastiko38,4/5,2 tahun lalu di,"Menyenangkan menginap di Lynn, kamar juga bersih dan kolam renang yg biru bening. Hanya saja untuk hotel sekelas Lynn horizon kamarnya banyak semutnya :D selain itu its oke"
Veldan Rizkian Skyler,1/5,setahun lalu di,"hotelnya gak jelas nih, orang mau cek in di suruh batalin

kan kita mau istirahat udah bayar dari tiket.com malang suruh pergi coba â€¦"
nugroho arief,5/5,3 tahun lalu di,"Dengan harga 150rb... Ok banget lah... Kebetulan dpt lantai 5 jadi AC nya agak lama dingin, kasur cukup luas kolam renang bersih."
Agung Krisnayana,5/5,5 tahun lalu di,"Datang dengan rombongan kunjungan industri disuguhkan wedang jahe. Pihak administrasi hotel tahu jika rombongan dikelompokkan menjadi 3 orang 1 kamar, sehingga disediakan 1 kasur lagi di dalam kamar hotel. Kamarnya bagus dan bersih terutama kamar mandinya. Plus juga buat makanan yang disajikan di hotel ini."
Ahmad Gimmy,4/5,4 tahun lalu di,"AC agak lambat dingin, makanan rasanya biasa saja, tapi cukup bersih. Tidak semua staf gemar menyapa, bahkan ada 1 mas2 yg hampir nabrak pun cuma melihat saja, tapi beberapa staf sangat ramah dan santuy.."
K.P. Laksono,5/5,5 tahun lalu di,"Hotel dengan harga yang terjangkau dengan pelayanan yang memuaskan. Berlokasi di jalan Jogokariyan, tidak terlalu jauh berbagai tempat yang menarik di kota Yogyakarta. Terlebih dengan posisinya yang berdekatan dengan Pom Bensin, anda tidak â€¦"
Juhariyah,3/5,setahun lalu di,"Kecewa pesan yg dihidangkan dingin baik minuman dan makanany, apa krna datangy mlm mgkin. Hrs nya tdk merubah rasa dan sajiany kan sdh langganan.
Pelayanan kurang ramah efek datar...."
Abdul Majid,5/5,5 hari lalu di,Rapi wangi bersih
Debbi Putri,4/5,4 tahun lalu di,"Nyaman... Cuma menurut saya penerangan saat malam di lorong depan kamar kurang terang, & gak ada handuk kecil untuk wastafel.. sisa nya oke"
Iwan BS Aka Jaketijo,5/5,2 tahun lalu di,"Lagi high season, lumayan bagus bersih proses cek in dan cek out cepet.. restoran dan breakfast belum coba karena  keluar lebih cepet ada keperluan mendadak overall baguslah"
shela ajeng prahasti,3/5,2 tahun lalu di,"Ruangan tidak kedap suara ya,,jd klo diluar berisik jd keganggu,,abis berenang g ada handuk g tau emg harus minta petugas / gmn"
Wicax Terry,4/5,2 tahun lalu di,"Untuk harga + ada kolam renangnya sangat recomend terutama yg bawa anak2
Kekurangan hanya sarapan pagi dari rasa dan pilihan menu"
Abdul Rahmat,5/5,3 tahun lalu di,"Saya hanya berkunjung  menemui saudara yang menginap di hotel ini. Secara umum baik, lokasinya di tengah kota, hotelnya bersih, pelayanannya ramah, keamanannya terjaga, cocok untuk anak2."
Luci Anah,2/5,setahun lalu di,"Kamar nya kotor, AC gak dingin dan berisik juga sempat bocor."
emi wijiyanti,4/5,3 tahun lalu di,"Saya booking via traveloka satu kamar untuk dua orang. Namun bbrp fasilitas hanya tersedia untuk satu orang, misal: handuk, sandal, gelas, dan air mineral. Tidak ada teko dan minuman sachet."
Ignatius Satrio,5/5,4 tahun lalu di,"bukber disini sangat memuaskan. makanannya lengkap dan sangat sangat lezat. harganya sangat terjangkau, pelayanan restaurant nya sangat ramah. makanan habis langsung di refill tanpa harus menunggu dulu. klk bs kasih bintang 6 aku kasih deh. hotel bintang 3 seperti binyang 5 .good job ğŸ‘ğŸ‘ â€¦"
Titin NUR ASTRIYANI,5/5,5 tahun lalu di,"Sangat nyaman untuk menginap, apalagi fasilitas toilet dikamarnya.. sukaaa.. kalau kalian memilih kamar yg disamping jendela, pemandangan selepas subuh kece abiss.. tp sayangg pemandangan merapi nya terhalang oleh hotel ğŸ˜• â€¦"
Nuranisa Ayu prasanti,4/5,4 tahun lalu di,Tempatnya kelihatan mewah sih. Ada kolam tenang juga.  Kasur empuk bersih sih. Cm kamar Mandi karena udh lama Kali ya jadi mesti ekstra Pas bersihinnya biar kinclong. Breakfast nya hmm lumayan sih over all. Thanks
Devina agustya,5/5,3 tahun lalu di,"bagus banget bersih, nyaman bermalam disini, menu breakfastnya banyak, pelayan hotelnya jg keren tu seragamnya hihi enak bgt diliat"
HerPas Sum,1/5,3 tahun lalu di,"Susah sy ngatakannya.. Dalam benakku dg embel2 ""by Horison"" di belakang Lynn-nya, fasilitas room bakal tdk mengecewakan, namun apa mau dikata ternyata mengecewakan. Sekadar tisu dan alat tulis saja tdk tersedia. Dari 2 malam inap yg â€¦"
Yoan Alviana,3/5,5 tahun lalu di,"Pas masuk ke hotel ini kesan pertama gelap
1 ruangan pas pintu masuk ruangan nya dimatikan buat suasana hotel jadi gak terang dri luar seperti hotel tdk ada yg jaga, reseptionis nya kurang ramah gak ada â€¦"
NANDI,4/5,3 tahun lalu di,"Booking lewat online sangat mudah dsn cepat dapat.
Lokasi dekat Pom Bensin dan pinggir jalan.
Dekat masjid Jokokaryan. â€¦"
ElsEls,5/5,5 tahun lalu di,"Hotel dg suasana nyaman,kamar bersih,fasilitas lengkap,pelayanan ramah,sarapan lumayan bervariasi. Hanya saja AC di beberapa kamar terasa tidak dingin sama sekali. Berlokasi sekitar 2.5 km dari Malioboro. Terdapat SPBU dan ATM di sekitar hotel"
Paman Alink,5/5,4 tahun lalu di,"Nginap di lyn hotel sangat nyaman, kamar hotelnya luas dan bersih. Ada kolam renang tempat merilekskan diri.., kolam orang dewasa dan anak ada. Khusus menu breakfast pariatif. Yg khas disini ada teh antangin, rasanya maknyusss..."
Ananda Faqih,5/5,5 tahun lalu di,"bersih,kamar mandinya lengkap ada kulkas kecil dan brangkas,tvnya lebar kira2 30+- inci,recommended deh deket juga kok sama alun alun"
Jenny Citra,5/5,5 tahun lalu di,"Tempatnya strategis, hotel bersih, AC dingin, pelayanan ramah, fasilitas bisa dibilang lengkap buat hotel bintang 3,,sayangnya kurang kedap suara, waktu nginep disana barengan rombongan anak SMP yg pada larian di lorong kedengeran banget, obrolan kamar sebelah juga samar2 kedengeran"
Agung Prasetyo,4/5,5 tahun lalu di,"Saya disini untuk mengikuti rapat acara kampus, untuk kamar mandi sempat sabun nya kosong dan tidak ada tisu, tetapi setelah konfirmasi langsung ada, untuk moshola menurut saya bagus, tidak di baseman, dibuatkan tempat khusus, untuk makanan standar"
Isna Mariya,2/5,4 tahun lalu di,Yg paling bagus pelayanannya yg ramah. untuk makanan breakfastnya kurang byk pilihan. harga utk hotel bintang 3 tergolong cukup mahal. daaaan kebersihan sangat kurang. Sprei selimut yg dipasangkan jg banyak noda2 kayak ngga bersih nyucinya. â€¦
angga nugraha,4/5,7 tahun lalu di,"Pertama pelayanan awal kurang bagi saya, saya masuk tidak dihiraukan Padahal bawaan saya banyak.. mungkin front officenya baru sibuk banyak tamu masih dimaklumi eh yang lain dikasih welcome drink saya sekeluarga gak dikasih.. yah belum â€¦"
Rudi Harijanto,5/5,6 tahun lalu di,"Hotel yang tergolong baru, kamar bersih, pelayanan cepat, check in menjelang sore perut terasa lapar, warung sate kambing di seberang hotel semerbak aroma bakarannya, coba mampir utk mencicipi, ternyata nikmat sekali, potongan dagingnya â€¦"
Octo R H,3/5,2 tahun lalu di,"smoking room tidak disediakan asbak, sleeper (sandal Hotel) cuma dikasih 1. bathroom amenities tidak lengkap, kamar tidak kedap suara. Wi-Fi connection kadang trouble dan lemot. toilet bowl bernoda"
Lestari Pambudi,4/5,setahun lalu di,"Sudah beberapa kali menginap disini, karna ada kolam renangnya
Untuk kamar pilih yang menghadap kekolam renang."
Gisella kosasih,4/5,5 tahun lalu di,"Hotel yg cukup baik.Servis memuaskan,staff sgt baik dan ramah.Hanya saja menu sarapan kurang variatif,utk rasa sgt enak.Kurang terawat di lorong hotel terkesan lama dan cat ada yg nglupas.Mgk ke depannya bisa di renov."
Hanny Sjukri,1/5,4 tahun lalu di,"Bangunan hotel sdh ckp tua, lantai selasarnyapun sdh ga enak dipandang, kamar mandi suram, di dpn lift tercium aroma got,  butuh renovasi besar2an.....menu sarapan sangat ""minimalis"" rasanyapun ga ada, sungguh tdk sebanding dg prize list â€¦"
DTNA Close De door,4/5,2 tahun lalu di,Kmren 2018 alhamdulillah pernah kesini tp lupa photonya gak ada .. cuma pensilnya aj yg ada hehehe menu variant sarapannya banyak banget ..
Creamo Mom,4/5,5 tahun lalu di,"Hotel relatif baru di bawah manajemen Horizon. Menarik untuk wisatawan karena dekat Prawirotaman dan masjid Jogokariyan. Makanan cukup enak, pilihan menu bervariasi.Kolam renang kecil disamping resto, tempat bilas terbatas. Pelayanan ramah, kamar bersih."
Jidan,3/5,3 tahun lalu di,"Maaf aku kasih bintang 3 krn baru kali ini check in nemu gelas blm dicuci dan masih ada kotorannya, ngak ada sendok, ngak ada tisu kamar ngak ada sendal dan toilet agak kotor, ketika komplain ngak ada permintaan maaf dr pihak hotel, tp â€¦"
Gladys Evelyn,4/5,3 tahun lalu di,"Pelayanan bagus, kamar nyaman, akan tetapi penjaga parkir dan lokasi parkirnya kalau tamu pas penuh tidak nyaman sama sekali,, buat keluar masuknya mobil ribet"
Miss Joolie,3/5,3 tahun lalu di,"Bangunan tua, selot pintu rusak, front officenya sepertinya pny masalah.tidak ada keramahan saat saya datang untuk check in.entahlah munkin harapan saya terlalu tinggi.jika ke jogja saya akan pilih hotel lain"
Theresia Andini Cempaka,5/5,5 tahun lalu di,Baik.ruangan deluxe yg kami dpt cukup nyaman.pelayanan staff ramah2.untuk tempat tidur (kami dpt yg twins alias dpt 2tempat tidur)sayangnya tidak bisa dijadikan 1 tempat biar si kecil tidak jatuh.tp so far semua baik.untuk breakfast baik&enak.berharap bisa menginap kembali disana.
Aditya hanggara,5/5,3 tahun lalu di,"Service exelent.. staffnya ramah ramah dan sangat membantu.. nginap disini karena ada tugas dari kantor sekaligus bertemu keluarga, kamar nyaman, lokasi strategis."
Prayudha Family,5/5,setahun lalu di,"Lokasi strategis, parkir aja yang terbatas dan tidak ada petugas yang membantu saat parkir."
Vury voe,5/5,2 tahun lalu di,"Kpn lg staycation di hotel senyaman ini..gak nyesel dechh ğŸ˜ ad tp nya sprei nya adyg blm bersih ato mgkn kotoranya udh permanen jdi gak bs ilang,tp oke decchh masuk kriteriaq ğŸ¥° â€¦"
Kim Juhn,1/5,setahun lalu di,Hotel bintang 3 yang AC kamar gak dingin sama sekali...kalah sama *m*ris yang cuma hotel bintang 2...sangat disayangkan
Candra,5/5,7 tahun lalu di,Kamar bersih. Ada meeting room. Breakfast cukup banyak pilihan. Namun kalau mau renang harus lewatin lobby utk dan ambil swimming towel disana. Parkir cukup luas.
Devina Rillorta,4/5,4 tahun lalu di,"bagus tempatnya nyaman, cuma bikin parno jam 7 malem air shower nyala sendiri. Eh gg taunya pagi juga nyala sendiri .. terus petunjuk buat masuk ke lobby dari parkiran tulisannya kurang besar, jadi nyasar ke pintu karyawan ğŸ˜‚ â€¦"
Yesenia chandra,5/5,setahun lalu di,"Bagus gue check in disini mantep, tapi agak serem di lorong mungkin karna gua penakut kali yak ğŸ˜­ğŸ˜­ â€¦"
Soehandi Jo-Jo-Jo,3/5,5 tahun lalu di,"Menurut gw, kamarnya sempit. Tapi ad kolam renangnya meskipun gak berenang. Makanannya jg gw gak coba. Front office nya gak mau terima saran, terutama yg org nya agak ndut."
Budhi,4/5,5 tahun lalu di,"Lynn Hotel adalah salah satu hotel yg recomenden banget buat kalian yg nginap di Jogja. Hotelnya nyaman, bersih, crewnya ramah dan fasilitas yg dibilang OK untuk harga yg ditawarkan. â€¦"
king hussein,4/5,5 tahun lalu di,"Kamar nyaman, tenang, akses mudah, pelayanan cepat dan ramah, diminta bantuan naikin tas ke mobil jg tanggap dan senyum. Saran : mohon diperbaiki jenis menu sarapannya yg terlalu sederhana"
Manto Amanto,5/5,2 tahun lalu di,"Hotel ini sangat baik..15menit ke pusat kota jogja,akses keluar jogja juga mudah karna dekat dengan jalan nasional..kebarat arah purworejo,timur dari terminal giwangan,selatan obyek wisata parangtritis,utara dari pusat kotanya...ataupun dari arah magelang."
Aria Wijaya Kartosuwondo,5/5,7 tahun lalu di,"Kolam renangnya sangat bersih dan segar enak banget buat berenang, kamar hotelnya bersih semua, tempat tidurnya empuuuuukkkk dan bantalnya panjaaaaaannnnggg ada 2 di tiap tempat tidur, channel tv lengkap euy...."
Prasetyo Adi Nugroho,1/5,4 tahun lalu di,"2 kali menginap di kurun waktu 1 minggu tapi selalu mendapatkan pengalaman buruk yg sama, AC kamar mati dan jam 10 malam harus pindah kamar karena kepanasan AC tidak berfungsi, petugasnya juga kurang sigap ambil keputusan dengan apa yg â€¦"
Rere Fahreza,5/5,5 tahun lalu di,Luas kamar okelah ga telalu kecil tapi ga luas juga. Pelayanannya juga ramah dan cepat tanggap. Lokasi strategis sekali dekat dengan pasar dan dekat dgn soto ayam yg enak dan murah meriah.harga standar!  Recomended
sigit cahya,4/5,11 bulan lalu di,"Cocok untuk weekend, tempat strategis meskipun agak nylempit dr jalan utama"
Khansa Asbinsa Tarunaningtyas,3/5,6 tahun lalu di,"Hotel nyaman, bersih, proses check in cepat, kolam renangnya juga nice, cuman waktu saya kesana lift mati satu jadi harus sabar nunggu bergantian, terus waktu breakfast habis udah di diemin aja enggak di isi lagi, but overall boleh lah ya nginep sini lagi"
Akastari Pikatan,5/5,3 tahun lalu di,"Hotel yg recommended. Suasana sangat nyaman disini. Pelayanan sangat memuaskan, staff fast respons saat kita butuh bantuan atau ada request tertentu. Mau kemana2 deket (pom bensin, atm, superindo, alfa/indomart, apotik, pasar traditional, â€¦"
Bells 96's,1/5,2 tahun lalu di,"Gak ada pelayanan yg bagus, kamar bau apek, AC gak dingin, kamar mandi gelap, Karyawan tidak responsif, pokok nya nyesel nginep disini."
Ratna Dwi Susilowati,3/5,3 tahun lalu di,"toiletries minim, ac bocor, lampu kedip2, tv kabel ga lgkp, rcti tdk tersedia.. hk, resepsionis teliti, ramah... tingkatkan lagii.."
Tedi Syamhari,4/5,5 tahun lalu di,hotel yang terletak di batas kota jogja dan kabupaten bantul ini memiliki kamar yang cukup banyak dan beberapa kelas. biasa digunakan menginap bagi rombongan wisatawan domestik. untuk plataran hotel dapat menampung sekitar 4 bus pariwisata
Krida Pandu Gunata,1/5,3 tahun lalu di,Horison Lynn Jogja kamar superior nya bagian kamar mandi kotor parah. Lampu / penerangan kamar jg remang2. Hotel 400k tp seperti hotel ecek2 atau kayak hotel melati. Not recommended. Dan tidak akan kesini lagi.
Sunarno Sunarno,1/5,4 tahun lalu di,"Menu bukber utk sekelas bintang 3 cukupan, tapi air putih kurang pas klo dengan Aqua gelas. â€¦"
IGNASPUT JOURNEY,3/5,5 tahun lalu di,"Hotel lynn by horison. Lokasinya ada di jalan jogja parangtritis. Dekat dengan tempat hits jogja (jalan prawirotaman). Hotelnya termasuk bangunan tua, tapi sudah di renov. Makanannya enak disini, buat kamar mandi tidak teralu besar (mirip hotel budget). Ada kolam renang, temapt parkir juga termasuk luas."
Isna Wan,4/5,3 tahun lalu di,"Pelayanan bagus. Fasilitas OK. Cuma bbrp fasilitas dihilangkan mungkin krn pandemi. Tp krn pandemi jd harga murah bgt. Air panas, AC, tempat tidur yg bersih, kolam renang bersih."
Afifa MN,4/5,5 tahun lalu di,Cukup nyaman dan terjangkau. Fasilitasnya ok dg harga murah. Suka ada kolam renangnya. Kekurangannya dpt kamar dg ac kamar yg kurang dingin
SMK TAMANSISWA 1 JAKARTA Tamansiswa,5/5,4 tahun lalu di,Hotelnya bagus. Nyaman dan parkiran luas. Harga masih okelah. Deket masjid fenomenal yaitu masjid jogokarian. Pernah sewa untuk 350 orang untuk acara siswa. Strategis juga
cici Begum,5/5,5 tahun lalu di,Kamar nyaman.. Kamar mandi bersih kolam renang dan kamar mandi nya bersih.. Sarapan enak dan bervariasi.. Ada jamu dan teh tempur angin nya staff ramah.. Receptionis yg bernama mbak adel baik banget sabar menjawab pertanyaan.
Ichsan Usman,2/5,4 tahun lalu di,"Lampu kamar mandinya kedap kedip, kulkas gak dingin, westafel ngalirnya lambat, air hangatnya kurang berfungsi dgn baik, tapi pelayanannya baik."
ayu yulia,4/5,5 tahun lalu di,"Pelayanan ramah, welcome drinknya enak sekaliii (jus sawi) syeger. Kamar bersih, harga terjangkau, hanya kolam renang kurang luas hehe"
Willy Lee,5/5,5 tahun lalu di,"Hotel yang bagus, layanan yang baik, makanan yang enak, kamar yang nyaman, pegawai nya ramah serta ada dipusat kota jadi hayo nginap disini aja, dijamin ga menyesal ya"
Lusviari Galuh P. A. R.,4/5,3 tahun lalu di,"Salah satu hotel dibawah manajemen horison grup
Pelayanan cepat
Kebersihan masih kurang â€¦"
Robin Patria,5/5,5 tahun lalu di,Tempat cukup nyaman. Kebetulan waktu itu pas deket sama tempat kegiatan kerja... jadi pilih yg deket aja. Waktu itu pesen 3 room (bareng rekan kerja).... dr 3 kamar.. 2 kamar ac nya pd bocor. Cuman itu aja sih masalahnya. Selainnya... OK.
AK Kurnianto,3/5,5 tahun lalu di,"Jk dinilai Dari harga nya kamar cukupan, kurangnya gak ada lemari dan tmpt Baju...lobby kuramg luas, ada welcome drink free...kolam kurang lebar..."
Reidian Rifky,5/5,3 tahun lalu di,"Hotel ini memeliki Tempat parkir yang luas banget, toilet yang bersih banget, fasilitas yang lengkap banget, lokasi ruangan yang bersih banget, harga nya gatau, hidangan makanan nya enak banget, ada ruang meeting nya"
Rudy Sasmito,4/5,5 tahun lalu di,"Nyaman, ada kolam renangnya juga, cuma sayang sprei nya banyak noda, jd kesannya bekas yg sebelumnya atau blm di cuci bersih."
Capt Gusti,3/5,setahun lalu di,Hotel dikawasan bantul untuk kebersihan hotel perlu ditingkatkan pelayanan lumayan ada kolam renang
anjas zaph,4/5,setahun lalu di,"Pesan kamar standar di app, lumayan lah buat istirahat"
Sentot Permadi,3/5,3 tahun lalu di,"Overall bagus,staf2 nya ramah.
Masukan aja,masa teh , kopi,gl dll hrs mnt dl..tisu tdk disediakan di kamar,ampunn"
Renny Puspita,4/5,5 tahun lalu di,"Sesuai antara fasilitas, layanan, harga. Kolam renang ada. Bfast jenisnya banyak. Ada jamunya saya suka. Wifi ada. Itineary di kamar lengkap kok sesuai kelasnya."
Anri Rachman,4/5,setahun lalu di,Kamarnya lumayan bersih. Lokasi juga cukup strategis.
Sellyn Naarayyan,3/5,4 tahun lalu di,Kemarin mengadakan bukber di lynn hotel jogokariyan..tempatnya enak...makan di tepi kolam renang...tapi sayang menu makanan kurang selera dan semua tinggal dpt sisa2 dikit aja...
zahra chanel,4/5,4 tahun lalu di,"Tempatnya bersih ..kamarnya wangi ac dingin..
Kamarmandinya bersih...air panasnya no ngadat..lancar jaya..ğŸ˜ŠğŸ‘ğŸ»
Akses ke tempat wisata dekat..
Cuma room servisnya kesiangan sampai jm 1.30ğŸ˜ğŸ™ â€¦"
Rivan Setyawardana,5/5,setahun lalu di,"Gak ada obat, room - oke, service - mantap, location - strategis, harga - relative."
Dewi Sartika,2/5,5 tahun lalu di,"Nginap dikamar 305, pas msk bantal & spreix msh bau apek. acx jg gak bfungsi dgn baik. Panas bgt. Smp ssh tidur. Pdhl dah dibenerin sm petugasx, msh aja gak bfungsi. Menu sarapanx jg dikit. Cm kolam renangx yg bagus."
Nur Azizah Mirzan,4/5,5 tahun lalu di,"Sebenarnya hotel ini bagus cukup nyaman juga buat di tempati
Hanya saja ac & plafon kamarnya yg kurang baik â€¦"
Lucky Pramudyo Putro,5/5,5 tahun lalu di,"semoga bisa kembali kesini lagi, cuma hati hati kamar 321 banyak kutu kasurnya ğŸ¤¦ğŸ½â€â™‚ï¸ tapi cepat kok responnya langsung diganti kamar baru, nice lah :) kedepannya lebih di cek ya ğŸ™ğŸ½ â€¦"
angka hel,5/5,2 bulan lalu di,Bersih dan nyaman
arwanto hadipratikto,5/5,3 tahun lalu di,Belum sempet masuk lebih dalam tapi terlihat hotel yang nyaman untuk menginap. Terima kasih banyak juga untuk bapak Firda Lail Agusta atas bimbingannya.
Normanita Rachmi,5/5,6 tahun lalu di,"Tempatnya nyaman, bersih, tenang, ada kolam renangnya, sarapanya meskipun tidak wow tpi lumayan enak dan beragam..dan yang paling bikin saya senang, disediakan sewa motor dan aksesnya dekat dari mana mana..jadi gak perlu kuatir untuk traveling sendiri."
Marcell Elaelo,4/5,3 tahun lalu di,"Pegawainya kurang cekatan dalam melayani tamu..
Menu makanan di restonya kurang sesuai dengan selera saya. Semoga sesuai denga. Selera temen2, panas juga restonya, karena ac nya kurang."
KIMAN channel,4/5,2 tahun lalu di,"Nyaman  buat istirahat harga terjangkau
Karyawan ramah..fasilitas oke
Mungkin untuk breakfast for all guest"
Septianah Agung Pudjiyanto,5/5,5 tahun lalu di,"hotelnya nyaman, bersih, fasilitas lengkap. Staf dan pegawainya super ramah, cuma parkirannya tidak terlalu luas. But its recomended"
Uwi yuli susilowati,5/5,2 tahun lalu di,Nyaman selama nginep disini.. Hanya saja utk kamar mandi nya yg mah agak kurang bersih... Terima kasihhh
Maria Anindita Saputri,5/5,3 tahun lalu di,"Pelayanannya bagus, bersih, ada kolam renang buat anak, sarapannya lumayan enak.. ac-nya lama dinginnya..."
Ulfa Nuriana,5/5,4 tahun lalu di,"Perfect Our Menu and so Friendly Staff!!!
Klo gasalah ini hotel bintang 3 tapi Pelayanan Restaurant, Makanan, is the best. Udah kayak hotel bintang 5 dijalan adisucipto sono.. Murah meriah cuman 60rb â€¦"
Festive Catto,5/5,2 tahun lalu di,"sebetulnya nyaman, hanya saja kebersihan kurang. Gelas yang ada di kamar belum di cuci, masih ada bekas lipstiknya"
Lely Fima Hamdan,5/5,5 tahun lalu di,"Harga hotel dengan segala fasilitasnya sih saya bilang murah, di lemari esnya ada isinya pula, teh pucuk sama sari kacang hijau, kamar nyaman, bagus, sarapan jg lumayan"
agus nugroho,5/5,2 tahun lalu di,"Lokasi dekat masjid jogokariyan, kuliner dekat, karyawannya ramah2, kamar hotel bersih dan rapi, kolam renangnya bersih dan jernih.... ğŸ‘ğŸ‘ğŸ‘ â€¦"
Dwi Ermavianti WS,1/5,2 tahun lalu di,"Cocok untuk keluarga kecil yang ingin staycation, ada di tengah kota akses kemana2 dekat. Utk acara buka bersama dan halal bihalal dengan paket hemat tetapi hidangan lengkap"
melinda,1/5,6 tahun lalu di,"Kurangnya dalam pelayanan dan sopan santu, tidak nyamannya kamar hotel karna tidk ada jendela dan kerusakan ac, tidak ada pelayanan dlm membantu proses klr masuk kendaraan, lamanya layanan servis kamar dan resepsion, Mohon maaf saya sangat kecewa menginap dihotel ini, Terimakasih,,"
Geng Lovely BFF,2/5,4 tahun lalu di,servicenya kurang..mulai dari pengaturan parkir...keluar masuk tidak ada yg bantu...kebetulan kami parkir didepan hotel...karena ramadhan..buffet saurnya tdk ada...jadi kurang maximallah servicenya..
Dinarti Kardono,4/5,6 tahun lalu di,"Kamarnya lumayan...petugas hotel nya ramah2...ngebantu bgt...cm sayang, untuk hotel baru bnyk bagian interior kamar mandi yg keliatannya dah rusak..."
Rins SyafeÃ­,4/5,2 tahun lalu di,"Lynn hotel by Horison, tempatnya strategis, tidak jauh dati masjid jogokaryan, dan bersebelahan dgn SPBU. Kebersihan kamar, baik."
Agus Mustajab,4/5,5 tahun lalu di,"Hotel yang bagus, dekat masjid jogokariyan, rate nya murah dan ada kolam renangnya. Cocok untuk bawa anak-anak dan keluarga. Parkirnya luas dan banyak pilihan kuliner di sekitarnya"
lisa savitri,1/5,6 tahun lalu di,Makanan habis belum saatnya selesai jam sarapan. Stall telor disembunyikan di dapur. Jadi ga semua orang bisa akses. Ac kamar  ga dingin.
Fitri Aprilia,5/5,2 tahun lalu di,"Pelayanan ramah...cocok untuk keluarga yg mau liburan bareng
Bisa juga utk honeymoon sama pasangan dengan VITAMALE si kapsul herbal tahan lama
Wa 085800461990"
qiqi ikzir,4/5,5 tahun lalu di,"So far pegawai ramah, cuma sayang.. Nginepnya pas ada rombongan anak2 sekolah nginep.. Sooo.. Makanan cepat habis, kudu menunggu refill.. Deket sama superindo."
Matthew Sapan,2/5,5 tahun lalu di,Horison versi KW nih kayaknya :D padahal Horison Ultima Riss yg di Bandung Luar Biasa yang ini mengecewakan Sy nginap di kamar 508 AC Cuman Angin doang lebih cenderung Panas Hot Udah Gitu Tissu di toilet belum dibersihkan Jorok dan terakhir â€¦
HE Kusuma,4/5,6 tahun lalu di,"Suasana lobby menyenangkan dan lapang. Layanan bagus. Kamar bersih. Makanan lumayan. Koridor agak pengap, sirkulasi udara kurang baik. Basement tidak rapi."
Tedi Kusmayadi,4/5,4 tahun lalu di,"Lokasi Bagus, Pelayanan Memuaskan, pokonya Nyaman, namun maaf perhatikan didalam Pelayanan di dalam Kamar, pada kumci kamar mandi, kuncinya macet dari dalam, untung tidak terjadi apa apa karena kehabisan Udara. Di karenakan terkunci dari dalam, makasih"
gouverky,5/5,5 tahun lalu di,Nice place.. Cuma kemarin renang dulu baru sarapan.. Minumnya dah pada abis.. Tinggal air putih.. Tapi overall cocok lah
febio oditta,5/5,5 tahun lalu di,"Pelayanannya ramah, cepat tanggap, dan over all oke sih. Yang kurang cuma pas ordernya apa, hari pertama dikasih kurang sesuai. Tapi ketutup lah sama effort keseluruhan dari pihak hotel."
Bambang Yuliantoro,4/5,6 tahun lalu di,"Murah bersih karyawan semua ramah murah senyum sarapan komplit enak cuman sayang view pemandangan dr kamar hotel kurang bagus karena ketemu kampung, over all nice"
Otniel Setiawan,3/5,6 tahun lalu di,"Nice hotel..interior kamar ok.. pelayanan menyenangkan.. utk masukan nya di beberapa kamar msh ada aroma rokoknya yg blm hilang, tdk terlalu tajam mmg.. cm kalo utk kamar non smoking ckp mengganggu begitu masuk kamar utk pertama kalinya.."
Riyan Saludi,5/5,4 tahun lalu di,"Hotel yang nyaman di daerah jalan parangtritis, harus standar untuk hotel bintang 3. namun untuk fasilitas cukup sesuai dengan kebutuhan, dekat dengan pom bensin, supermarket dan berbagai kuliner di sepanjang jalan orang tritis, jadi klo laper, nyari makan pun mudah, selain itu dekat dengan masjid jogokaryan yang sangat legendaris."
Okta Kriyoatmojo,4/5,5 tahun lalu di,"Tempatnya bagus walapun kamar kecil, kalau bulan puasa rame di depan hotel jadi terasa nuansa ramadhan menyenangkan"
Murlis Mudra,4/5,4 tahun lalu di,Lokasinya dekat dg per 4 an yg aksesnya mudah dan dekat pusat kota. Ada kolam renang dilantai 1 dg taman yg cukup asri. Hidangan makanannya cukup enak dg rasa tradisional
Fadri Andrian,5/5,6 tahun lalu di,"Lyyn hotel by horison,saya merekomendasikan hotel ini untuk kamu yang mau liburan di yogyakarta,hotelnya murah,kamarnya bersih dan para pegawainya ramah semua,dan hotel ini adanya tuh di jalan parang tritis di sebelahnya ada spbu jadi klo â€¦"
apri yanti,5/5,5 tahun lalu di,"suka bgt nginep disini, kamarnya bersih, staff nya ramah2, fasilitas oke, harga terjangkau, deket pom bensin, indomaret juga lumayan deket, disekitar ada tempat makan murah2 ğŸ˜ klo ke jogja mau nginep dsni lagi ğŸ˜ pokonya fasilitas dan pelayanan nya memuaskan deh sukaaak ğŸ˜„ â€¦"
Mas Jaenal,4/5,6 tahun lalu di,"Ramah banget front office nya. Parkirnya enak dan deket dengan superindo kalau mau belanja. Hehehe  bersih juga hotelnya, kamar mandi bersih, wifi kenceng banget, kolam renangnya jg instagramable. Suka banget"
Cahya Indra,4/5,5 tahun lalu di,Untuk kamar nyaman bersih dan terlihat mewah.... sayang untuk sarapan menunya terbatas ke restoran jam 8 udah pada habis
Galih Yudha Saelendra,5/5,5 tahun lalu di,"Pelayanan oke, pegawai juga ramah, harga terjangkau, fasilitas mumpuni, kamar juga nyaman dengan desain yang menarik, view dari lantai 4 juga bagus. Pool berada dibawah"
Kang Ripiu,1/5,3 tahun lalu di,"Skrg gak bagus, beda dengan dulu.
- Kulkas sekarang gak ada.
- Teh Kopi dll di kamar gak ada
- TV hanya tv lokal saja"
aprilia supriyanto,4/5,5 tahun lalu di,"Pelayanannya ramah dan sangat baik, kamar bersih dan nyaman, hanya saja pas ada rombongan anak sekolah..berisik sekaliğŸ˜£ğŸ˜… â€¦"
Julio Adnan,5/5,6 bulan lalu di,"Hotel yang nyaman, dekat dengan masjid jogokariyan"
Beni Mbem,5/5,7 tahun lalu di,"Saya beni kurniawan,S.H selaku owner Cv.elok tour&travel mau berkomentar
1. Pelayanannya bagus dari segi all karyawan
2. GM nya baik.. dan Ramah â€¦"